gs_name,gene_symbol,EnsemblID
Tcm_only,Rmnd5b,ENSMUSG00000001054
Tcm_only,Naa20,ENSMUSG00000002728
Tcm_only,Baz1b,ENSMUSG00000002748
Tcm_only,Eif2b5,ENSMUSG00000003235
Tcm_only,Sult2b1,ENSMUSG00000003271
Tcm_only,Mob3a,ENSMUSG00000003348
Tcm_only,Ncstn,ENSMUSG00000003458
Tcm_only,Ddr1,ENSMUSG00000003534
Tcm_only,Syce2,ENSMUSG00000003824
Tcm_only,Prkaca,ENSMUSG00000005469
Tcm_only,Crip2,ENSMUSG00000006356
Tcm_only,Ptbp1,ENSMUSG00000006498
Tcm_only,B4galnt1,ENSMUSG00000006731
Tcm_only,Vwa7,ENSMUSG00000007030
Tcm_only,Abhd16a,ENSMUSG00000007036
Tcm_only,Hipk1,ENSMUSG00000008730
Tcm_only,Ttll5,ENSMUSG00000012609
Tcm_only,Gtf3a,ENSMUSG00000016503
Tcm_only,Tox4,ENSMUSG00000016831
Tcm_only,Med24,ENSMUSG00000017210
Tcm_only,Ttpal,ENSMUSG00000017679
Tcm_only,Mafk,ENSMUSG00000018143
Tcm_only,Mfng,ENSMUSG00000018169
Tcm_only,Slc25a39,ENSMUSG00000018677
Tcm_only,Tmem129,ENSMUSG00000019295
Tcm_only,Xab2,ENSMUSG00000019470
Tcm_only,Traf3ip2,ENSMUSG00000019842
Tcm_only,Cfap54,ENSMUSG00000020014
Tcm_only,Cabin1,ENSMUSG00000020196
Tcm_only,Phykpl,ENSMUSG00000020359
Tcm_only,Acaca,ENSMUSG00000020532
Tcm_only,Slc25a19,ENSMUSG00000020744
Tcm_only,Esyt2,ENSMUSG00000021171
Tcm_only,Fdft1,ENSMUSG00000021273
Tcm_only,Tbc1d7,ENSMUSG00000021368
Tcm_only,Smn1,ENSMUSG00000021645
Tcm_only,Cab39l,ENSMUSG00000021981
Tcm_only,Ly6e,ENSMUSG00000022587
Tcm_only,Sidt1,ENSMUSG00000022696
Tcm_only,Rfc4,ENSMUSG00000022881
Tcm_only,Krt18,ENSMUSG00000023043
Tcm_only,Prmt5,ENSMUSG00000023110
Tcm_only,Eif2ak2,ENSMUSG00000024079
Tcm_only,Tmem8,ENSMUSG00000024180
Tcm_only,Tapbp,ENSMUSG00000024308
Tcm_only,Nelfe,ENSMUSG00000024369
Tcm_only,Tnf,ENSMUSG00000024401
Tcm_only,Osbp,ENSMUSG00000024687
Tcm_only,Naa40,ENSMUSG00000024764
Tcm_only,Baiap2,ENSMUSG00000025372
Tcm_only,Paox,ENSMUSG00000025464
Tcm_only,Ifitm1,ENSMUSG00000025491
Tcm_only,Irf7,ENSMUSG00000025498
Tcm_only,Pgm2,ENSMUSG00000025791
Tcm_only,2010300C02Rik,ENSMUSG00000026090
Tcm_only,Serpine2,ENSMUSG00000026249
Tcm_only,Atp6v1g3,ENSMUSG00000026394
Tcm_only,Csrp1,ENSMUSG00000026421
Tcm_only,Lamc2,ENSMUSG00000026479
Tcm_only,Aldh9a1,ENSMUSG00000026687
Tcm_only,Traf1,ENSMUSG00000026875
Tcm_only,Psd4,ENSMUSG00000026979
Tcm_only,Slc25a12,ENSMUSG00000027010
Tcm_only,Dhrs9,ENSMUSG00000027068
Tcm_only,Ext2,ENSMUSG00000027198
Tcm_only,Arhgap1,ENSMUSG00000027247
Tcm_only,Smox,ENSMUSG00000027333
Tcm_only,Gabpb1,ENSMUSG00000027361
Tcm_only,Bcl2l11,ENSMUSG00000027381
Tcm_only,Lpin3,ENSMUSG00000027412
Tcm_only,Zbp1,ENSMUSG00000027514
Tcm_only,Ubap2,ENSMUSG00000028433
Tcm_only,Tesk1,ENSMUSG00000028458
Tcm_only,Pithd1,ENSMUSG00000028669
Tcm_only,Phc2,ENSMUSG00000028796
Tcm_only,Pgd,ENSMUSG00000028961
Tcm_only,Dck,ENSMUSG00000029366
Tcm_only,Chek2,ENSMUSG00000029521
Tcm_only,Ahcyl2,ENSMUSG00000029772
Tcm_only,Slc6a6,ENSMUSG00000030096
Tcm_only,Usp18,ENSMUSG00000030107
Tcm_only,Etv6,ENSMUSG00000030199
Tcm_only,Bcat1,ENSMUSG00000030268
Tcm_only,Cd9,ENSMUSG00000030342
Tcm_only,Cdipt,ENSMUSG00000030682
Tcm_only,Gm9755,ENSMUSG00000030735
Tcm_only,Lamp1,ENSMUSG00000031447
Tcm_only,Abcb10,ENSMUSG00000031974
Tcm_only,Hyou1,ENSMUSG00000032115
Tcm_only,1700017B05Rik,ENSMUSG00000032300
Tcm_only,Tspan3,ENSMUSG00000032324
Tcm_only,Cdv3,ENSMUSG00000032803
Tcm_only,Apmap,ENSMUSG00000033096
Tcm_only,Ipo13,ENSMUSG00000033365
Tcm_only,Gde1,ENSMUSG00000033917
Tcm_only,Slc38a8,ENSMUSG00000034224
Tcm_only,Parp14,ENSMUSG00000034422
Tcm_only,Neil2,ENSMUSG00000035121
Tcm_only,Tpbg,ENSMUSG00000035274
Tcm_only,Nfkbiz,ENSMUSG00000035356
Tcm_only,Mpv17l2,ENSMUSG00000035559
Tcm_only,Grhpr,ENSMUSG00000035637
Tcm_only,Pawr,ENSMUSG00000035873
Tcm_only,Cerk,ENSMUSG00000035891
Tcm_only,Fam69b,ENSMUSG00000036186
Tcm_only,Stox1,ENSMUSG00000036923
Tcm_only,Ddx1,ENSMUSG00000037149
Tcm_only,Gemin5,ENSMUSG00000037275
Tcm_only,Man1c1,ENSMUSG00000037306
Tcm_only,Larp1,ENSMUSG00000037331
Tcm_only,Ranbp10,ENSMUSG00000037415
Tcm_only,Stk35,ENSMUSG00000037885
Tcm_only,Ano10,ENSMUSG00000037949
Tcm_only,Cramp1l,ENSMUSG00000038002
Tcm_only,Tapbpl,ENSMUSG00000038213
Tcm_only,Ranbp9,ENSMUSG00000038546
Tcm_only,Phrf1,ENSMUSG00000038611
Tcm_only,Pold1,ENSMUSG00000038644
Tcm_only,Taf5l,ENSMUSG00000038697
Tcm_only,Gcnt1,ENSMUSG00000038843
Tcm_only,Rftn1,ENSMUSG00000039316
Tcm_only,Zc3h12d,ENSMUSG00000039981
Tcm_only,Gas8,ENSMUSG00000040220
Tcm_only,Rwdd2b,ENSMUSG00000041079
Tcm_only,Rpusd1,ENSMUSG00000041199
Tcm_only,Tnfrsf18,ENSMUSG00000041954
Tcm_only,Slc35f2,ENSMUSG00000042195
Tcm_only,Stk40,ENSMUSG00000042608
Tcm_only,Tom1,ENSMUSG00000042870
Tcm_only,Disc1,ENSMUSG00000043051
Tcm_only,Ly6g5b,ENSMUSG00000043807
Tcm_only,Gm8399,ENSMUSG00000043889
Tcm_only,Zfp367,ENSMUSG00000044934
Tcm_only,Tmem229b,ENSMUSG00000046157
Tcm_only,Dlk2,ENSMUSG00000047428
Tcm_only,Gm4737,ENSMUSG00000048087
Tcm_only,Amica1,ENSMUSG00000048534
Tcm_only,Tada3,ENSMUSG00000048930
Tcm_only,Rd3,ENSMUSG00000049353
Tcm_only,Zfp280b,ENSMUSG00000049764
Tcm_only,Slc35c1,ENSMUSG00000049922
Tcm_only,Gpr183,ENSMUSG00000051212
Tcm_only,Tchh,ENSMUSG00000052415
Tcm_only,Ficd,ENSMUSG00000053334
Tcm_only,Dedd2,ENSMUSG00000054499
Tcm_only,Map6,ENSMUSG00000055407
Tcm_only,B4galnt4,ENSMUSG00000055629
Tcm_only,Fancm,ENSMUSG00000055884
Tcm_only,Setd3,ENSMUSG00000056770
Tcm_only,Gm12253,ENSMUSG00000058287
Tcm_only,Ipmk,ENSMUSG00000060733
Tcm_only,Gm10093,ENSMUSG00000061062
Tcm_only,Dlgap4,ENSMUSG00000061689
Tcm_only,Wdr6,ENSMUSG00000066357
Tcm_only,Tecpr1,ENSMUSG00000066621
Tcm_only,5430421N21Rik,ENSMUSG00000067613
Tcm_only,Mpzl3,ENSMUSG00000070305
Tcm_only,Arhgef10,ENSMUSG00000071176
Tcm_only,Trim6,ENSMUSG00000072244
Tcm_only,Kbtbd6,ENSMUSG00000075502
Tcm_only,Scamp4,ENSMUSG00000078441
Tcm_only,Gm11226,ENSMUSG00000080902
Tcm_only,Gm11474,ENSMUSG00000082687
Tcm_only,Gm15472,ENSMUSG00000084760
Tcm_only,Gm9855,ENSMUSG00000085666
Tcm_only,Cd101,ENSMUSG00000086564
Tcm_only,Tmem189,ENSMUSG00000090213
Tcm_only,Gm3636,ENSMUSG00000091754
Tcm_only,Gm20521,ENSMUSG00000092232
Tcm_only,Cphx1,ENSMUSG00000095975
Tcm_only,Gm8055,ENSMUSG00000096171
Tcm_only,C920009B18Rik,ENSMUSG00000097352
Tcm_only,2310001H17Rik,ENSMUSG00000097354
Tcm_only,Gm26825,ENSMUSG00000097554
Tcm_only,2810429I04Rik,ENSMUSG00000097709
Tcm_only,Gm7507,ENSMUSG00000098142
Tcm_only,Gm37357,ENSMUSG00000103625
Tcm_only,Gm37416,ENSMUSG00000103865
Tcm_only,Mtif3,ENSMUSG00000104565
Tem_only,Gnai3,ENSMUSG00000000001
Tem_only,Mkrn2,ENSMUSG00000000439
Tem_only,Sema4f,ENSMUSG00000000627
Tem_only,Icosl,ENSMUSG00000000732
Tem_only,Pxmp4,ENSMUSG00000000876
Tem_only,Oxa1l,ENSMUSG00000000959
Tem_only,Jup,ENSMUSG00000001552
Tem_only,Akr1b3,ENSMUSG00000001642
Tem_only,Crnkl1,ENSMUSG00000001767
Tem_only,Ugp2,ENSMUSG00000001891
Tem_only,Emd,ENSMUSG00000001964
Tem_only,Acp2,ENSMUSG00000002103
Tem_only,Stat6,ENSMUSG00000002147
Tem_only,Lmf1,ENSMUSG00000002279
Tem_only,Gmpr2,ENSMUSG00000002326
Tem_only,Mdp1,ENSMUSG00000002329
Tem_only,Zfp40,ENSMUSG00000002617
Tem_only,Pla1a,ENSMUSG00000002847
Tem_only,Taf6l,ENSMUSG00000003680
Tem_only,Nfat5,ENSMUSG00000003847
Tem_only,Ptpn6,ENSMUSG00000004266
Tem_only,Atp6v1f,ENSMUSG00000004285
Tem_only,Tax1bp1,ENSMUSG00000004535
Tem_only,Ly9,ENSMUSG00000004707
Tem_only,Rab11a,ENSMUSG00000004771
Tem_only,Jkamp,ENSMUSG00000005078
Tem_only,Ctr9,ENSMUSG00000005609
Tem_only,Cd247,ENSMUSG00000005763
Tem_only,Ncoa2,ENSMUSG00000005886
Tem_only,BC003331,ENSMUSG00000006010
Tem_only,Inpp5k,ENSMUSG00000006127
Tem_only,Med8,ENSMUSG00000006392
Tem_only,Mvd,ENSMUSG00000006517
Tem_only,Gtf2h1,ENSMUSG00000006599
Tem_only,Mrpl49,ENSMUSG00000007338
Tem_only,Mark3,ENSMUSG00000007411
Tem_only,Snrpb2,ENSMUSG00000008333
Tem_only,Herpud2,ENSMUSG00000008429
Tem_only,Gabpa,ENSMUSG00000008976
Tem_only,Pdcl,ENSMUSG00000009030
Tem_only,Pttg1ip,ENSMUSG00000009291
Tem_only,Srp14,ENSMUSG00000009549
Tem_only,Fxyd5,ENSMUSG00000009687
Tem_only,Vps4b,ENSMUSG00000009907
Tem_only,AI597479,ENSMUSG00000010290
Tem_only,Faf1,ENSMUSG00000010517
Tem_only,Adssl1,ENSMUSG00000011148
Tem_only,Zfp715,ENSMUSG00000012640
Tem_only,Tango2,ENSMUSG00000013539
Tem_only,Ndufs2,ENSMUSG00000013593
Tem_only,St3gal1,ENSMUSG00000013846
Tem_only,Strip1,ENSMUSG00000014601
Tem_only,Trappc2l,ENSMUSG00000015013
Tem_only,Nipsnap3b,ENSMUSG00000015247
Tem_only,Mocs2,ENSMUSG00000015536
Tem_only,Psma2,ENSMUSG00000015671
Tem_only,Mrpl32,ENSMUSG00000015672
Tem_only,Anxa9,ENSMUSG00000015702
Tem_only,Cers2,ENSMUSG00000015714
Tem_only,Kctd2,ENSMUSG00000016940
Tem_only,Etaa1,ENSMUSG00000016984
Tem_only,Nt5c3b,ENSMUSG00000017176
Tem_only,Zfp207,ENSMUSG00000017421
Tem_only,Dbndd2,ENSMUSG00000017734
Tem_only,Mlx,ENSMUSG00000017801
Tem_only,Med13l,ENSMUSG00000018076
Tem_only,Stard3,ENSMUSG00000018167
Tem_only,Psmb6,ENSMUSG00000018286
Tem_only,Spag7,ENSMUSG00000018287
Tem_only,Zkscan6,ENSMUSG00000018347
Tem_only,Dhx40,ENSMUSG00000018425
Tem_only,Derl2,ENSMUSG00000018442
Tem_only,Dnah11,ENSMUSG00000018581
Tem_only,Cog1,ENSMUSG00000018661
Tem_only,Slc25a35,ENSMUSG00000018740
Tem_only,Atp6ap1,ENSMUSG00000019087
Tem_only,Slc6a8,ENSMUSG00000019558
Tem_only,Katna1,ENSMUSG00000019794
Tem_only,Vta1,ENSMUSG00000019868
Tem_only,Serinc1,ENSMUSG00000019877
Tem_only,Nedd1,ENSMUSG00000019988
Tem_only,Stx7,ENSMUSG00000019998
Tem_only,Tbk1,ENSMUSG00000020115
Tem_only,Osbpl8,ENSMUSG00000020189
Tem_only,Nfyb,ENSMUSG00000020248
Tem_only,Wdr82,ENSMUSG00000020257
Tem_only,Sumo3,ENSMUSG00000020265
Tem_only,Rel,ENSMUSG00000020275
Tem_only,Pus10,ENSMUSG00000020280
Tem_only,Pex13,ENSMUSG00000020283
Tem_only,Ahsa2,ENSMUSG00000020288
Tem_only,Asb3,ENSMUSG00000020305
Tem_only,Ube2b,ENSMUSG00000020390
Tem_only,Med7,ENSMUSG00000020397
Tem_only,Slu7,ENSMUSG00000020409
Tem_only,Btg2,ENSMUSG00000020423
Tem_only,Tubd1,ENSMUSG00000020513
Tem_only,Mfap3,ENSMUSG00000020522
Tem_only,Itsn2,ENSMUSG00000020640
Tem_only,Ddx52,ENSMUSG00000020677
Tem_only,Cdc27,ENSMUSG00000020687
Tem_only,Pafah1b1,ENSMUSG00000020745
Tem_only,Acox1,ENSMUSG00000020777
Tem_only,Mxra7,ENSMUSG00000020814
Tem_only,Spag9,ENSMUSG00000020859
Tem_only,Klhl28,ENSMUSG00000020948
Tem_only,Zc3h14,ENSMUSG00000021012
Tem_only,Ppp2r3c,ENSMUSG00000021022
Tem_only,Vipas39,ENSMUSG00000021038
Tem_only,Actr10,ENSMUSG00000021076
Tem_only,Ppm1a,ENSMUSG00000021096
Tem_only,Papola,ENSMUSG00000021111
Tem_only,Vti1b,ENSMUSG00000021124
Tem_only,Rps6ka5,ENSMUSG00000021180
Tem_only,9030617O03Rik,ENSMUSG00000021185
Tem_only,Akr1c13,ENSMUSG00000021213
Tem_only,Exoc2,ENSMUSG00000021357
Tem_only,Eci2,ENSMUSG00000021417
Tem_only,Cast,ENSMUSG00000021585
Tem_only,Btf3,ENSMUSG00000021660
Tem_only,Cdhr1,ENSMUSG00000021803
Tem_only,2700060E02Rik,ENSMUSG00000021807
Tem_only,Ecd,ENSMUSG00000021810
Tem_only,Slmap,ENSMUSG00000021870
Tem_only,Arf4,ENSMUSG00000021877
Tem_only,Btd,ENSMUSG00000021900
Tem_only,Gm6768,ENSMUSG00000021908
Tem_only,Lats2,ENSMUSG00000021959
Tem_only,Zdhhc20,ENSMUSG00000021969
Tem_only,Mtmr6,ENSMUSG00000021987
Tem_only,Naa16,ENSMUSG00000022020
Tem_only,Bnip3l,ENSMUSG00000022051
Tem_only,Sucla2,ENSMUSG00000022110
Tem_only,Ttc33,ENSMUSG00000022151
Tem_only,Dad1,ENSMUSG00000022174
Tem_only,Fbxo4,ENSMUSG00000022184
Tem_only,Ngdn,ENSMUSG00000022204
Tem_only,Cma1,ENSMUSG00000022225
Tem_only,Tars,ENSMUSG00000022241
Tem_only,Rnf19a,ENSMUSG00000022280
Tem_only,Pabpc1,ENSMUSG00000022283
Tem_only,Oxr1,ENSMUSG00000022307
Tem_only,Eif3h,ENSMUSG00000022312
Tem_only,Utp23,ENSMUSG00000022313
Tem_only,Emc2,ENSMUSG00000022337
Tem_only,Tbc1d31,ENSMUSG00000022364
Tem_only,Mrpl13,ENSMUSG00000022370
Tem_only,Il1rap,ENSMUSG00000022514
Tem_only,Hes1,ENSMUSG00000022528
Tem_only,Glyr1,ENSMUSG00000022536
Tem_only,Cd96,ENSMUSG00000022657
Tem_only,Pak2,ENSMUSG00000022781
Tem_only,Btg3,ENSMUSG00000022863
Tem_only,Kpna1,ENSMUSG00000022905
Tem_only,Atp5o,ENSMUSG00000022956
Tem_only,Cela1,ENSMUSG00000023031
Tem_only,Akirin1,ENSMUSG00000023075
Tem_only,Tiam2,ENSMUSG00000023800
Tem_only,Acat2,ENSMUSG00000023832
Tem_only,Zfp54,ENSMUSG00000023882
Tem_only,Hcfc1r1,ENSMUSG00000023904
Tem_only,Cdc5l,ENSMUSG00000023932
Tem_only,Mrpl14,ENSMUSG00000023939
Tem_only,Slc30a6,ENSMUSG00000024069
Tem_only,Ndufv2,ENSMUSG00000024099
Tem_only,Pigf,ENSMUSG00000024145
Tem_only,Taf11,ENSMUSG00000024218
Tem_only,Polr2d,ENSMUSG00000024258
Tem_only,Wac,ENSMUSG00000024283
Tem_only,Adamts10,ENSMUSG00000024299
Tem_only,Pggt1b,ENSMUSG00000024477
Tem_only,Hbegf,ENSMUSG00000024486
Tem_only,Hsd17b4,ENSMUSG00000024507
Tem_only,Cep192,ENSMUSG00000024542
Tem_only,Me2,ENSMUSG00000024556
Tem_only,Smad2,ENSMUSG00000024563
Tem_only,Dctn4,ENSMUSG00000024603
Tem_only,2410127L17Rik,ENSMUSG00000024726
Tem_only,Atl3,ENSMUSG00000024759
Tem_only,Pold4,ENSMUSG00000024854
Tem_only,Smc5,ENSMUSG00000024943
Tem_only,Shoc2,ENSMUSG00000024976
Tem_only,Fam45a,ENSMUSG00000024993
Tem_only,Sfr1,ENSMUSG00000025066
Tem_only,Nhlrc2,ENSMUSG00000025078
Tem_only,Btbd1,ENSMUSG00000025103
Tem_only,Ints4,ENSMUSG00000025133
Tem_only,Fyco1,ENSMUSG00000025241
Tem_only,Echs1,ENSMUSG00000025465
Tem_only,Bet1l,ENSMUSG00000025484
Tem_only,Pde8a,ENSMUSG00000025584
Tem_only,Podxl,ENSMUSG00000025608
Tem_only,Uimc1,ENSMUSG00000025878
Tem_only,Nif3l1,ENSMUSG00000026036
Tem_only,Asnsd1,ENSMUSG00000026095
Tem_only,Ormdl1,ENSMUSG00000026097
Tem_only,Rhbdd1,ENSMUSG00000026142
Tem_only,Pnkd,ENSMUSG00000026179
Tem_only,Dnpep,ENSMUSG00000026209
Tem_only,Psmd1,ENSMUSG00000026229
Tem_only,Ndufa10,ENSMUSG00000026260
Tem_only,Ptprc,ENSMUSG00000026395
Tem_only,Pik3c2b,ENSMUSG00000026447
Tem_only,Trp53bp2,ENSMUSG00000026510
Tem_only,Tada1,ENSMUSG00000026563
Tem_only,Nme7,ENSMUSG00000026575
Tem_only,Scyl3,ENSMUSG00000026584
Tem_only,Uap1,ENSMUSG00000026670
Tem_only,Vamp4,ENSMUSG00000026696
Tem_only,Pigc,ENSMUSG00000026698
Tem_only,Trdmt1,ENSMUSG00000026723
Tem_only,Med27,ENSMUSG00000026799
Tem_only,Dpm2,ENSMUSG00000026810
Tem_only,Ptges2,ENSMUSG00000026820
Tem_only,Agpat2,ENSMUSG00000026922
Tem_only,Sdccag3,ENSMUSG00000026927
Tem_only,Arrdc1,ENSMUSG00000026972
Tem_only,Dusp19,ENSMUSG00000027001
Tem_only,Nckap1,ENSMUSG00000027002
Tem_only,Dync1i2,ENSMUSG00000027012
Tem_only,Api5,ENSMUSG00000027193
Tem_only,Ttc17,ENSMUSG00000027194
Tem_only,Cops2,ENSMUSG00000027206
Tem_only,Frmd5,ENSMUSG00000027238
Tem_only,Lrrc57,ENSMUSG00000027286
Tem_only,Snap23,ENSMUSG00000027287
Tem_only,Slc23a2,ENSMUSG00000027340
Tem_only,Fam98b,ENSMUSG00000027349
Tem_only,Sppl2a,ENSMUSG00000027366
Tem_only,Mgme1,ENSMUSG00000027424
Tem_only,Kif3b,ENSMUSG00000027475
Tem_only,Rtfdc1,ENSMUSG00000027502
Tem_only,Ralgapb,ENSMUSG00000027652
Tem_only,Pik3ca,ENSMUSG00000027665
Tem_only,Spata5,ENSMUSG00000027722
Tem_only,Cog6,ENSMUSG00000027742
Tem_only,Etfdh,ENSMUSG00000027809
Tem_only,Gmps,ENSMUSG00000027823
Tem_only,Pdcd10,ENSMUSG00000027835
Tem_only,Slc50a1,ENSMUSG00000027953
Tem_only,Efna1,ENSMUSG00000027954
Tem_only,Casp6,ENSMUSG00000027997
Tem_only,Dnajb4,ENSMUSG00000028035
Tem_only,Trp53inp1,ENSMUSG00000028211
Tem_only,Fam92a,ENSMUSG00000028218
Tem_only,Tmem55a,ENSMUSG00000028221
Tem_only,Ubxn2b,ENSMUSG00000028243
Tem_only,Gtf2b,ENSMUSG00000028271
Tem_only,Pdlim5,ENSMUSG00000028273
Tem_only,Ptbp3,ENSMUSG00000028382
Tem_only,Smu1,ENSMUSG00000028409
Tem_only,B4galt1,ENSMUSG00000028413
Tem_only,Osbpl9,ENSMUSG00000028559
Tem_only,Podn,ENSMUSG00000028600
Tem_only,Tceanc2,ENSMUSG00000028619
Tem_only,Hmgcl,ENSMUSG00000028672
Tem_only,Pnrc2,ENSMUSG00000028675
Tem_only,Trappc3,ENSMUSG00000028847
Tem_only,Inpp5b,ENSMUSG00000028894
Tem_only,Psmc2,ENSMUSG00000028932
Tem_only,Rheb,ENSMUSG00000028945
Tem_only,Mthfr,ENSMUSG00000029009
Tem_only,Wrap73,ENSMUSG00000029029
Tem_only,Ssu72,ENSMUSG00000029038
Tem_only,Ociad1,ENSMUSG00000029152
Tem_only,Sgcb,ENSMUSG00000029156
Tem_only,Klf3,ENSMUSG00000029178
Tem_only,Ugdh,ENSMUSG00000029201
Tem_only,Ube2k,ENSMUSG00000029203
Tem_only,Gnpda2,ENSMUSG00000029209
Tem_only,Srd5a3,ENSMUSG00000029233
Tem_only,Ccng2,ENSMUSG00000029385
Tem_only,Eif2b1,ENSMUSG00000029388
Tem_only,Mapkapk5,ENSMUSG00000029454
Tem_only,Triap1,ENSMUSG00000029535
Tem_only,Zkscan14,ENSMUSG00000029627
Tem_only,Rnf6,ENSMUSG00000029634
Tem_only,Pot1a,ENSMUSG00000029676
Tem_only,Rbm28,ENSMUSG00000029701
Tem_only,Pop7,ENSMUSG00000029715
Tem_only,Exoc4,ENSMUSG00000029763
Tem_only,Trim24,ENSMUSG00000029833
Tem_only,Abtb1,ENSMUSG00000030083
Tem_only,Cmas,ENSMUSG00000030282
Tem_only,Ergic2,ENSMUSG00000030304
Tem_only,Vgll4,ENSMUSG00000030315
Tem_only,Efcab12,ENSMUSG00000030321
Tem_only,D6Wsu163e,ENSMUSG00000030347
Tem_only,Lrrc28,ENSMUSG00000030556
Tem_only,Ctsc,ENSMUSG00000030560
Tem_only,Psmc4,ENSMUSG00000030603
Tem_only,1110004F10Rik,ENSMUSG00000030663
Tem_only,Ppme1,ENSMUSG00000030718
Tem_only,Atp2a1,ENSMUSG00000030730
Tem_only,Far1,ENSMUSG00000030759
Tem_only,Uqcrc2,ENSMUSG00000030884
Tem_only,Tpp1,ENSMUSG00000030894
Tem_only,Pgap2,ENSMUSG00000030990
Tem_only,Zfp300,ENSMUSG00000031079
Tem_only,Stk26,ENSMUSG00000031112
Tem_only,Slc9a9,ENSMUSG00000031129
Tem_only,Gpkow,ENSMUSG00000031148
Tem_only,Rbm3,ENSMUSG00000031167
Tem_only,Igbp1,ENSMUSG00000031221
Tem_only,Nono,ENSMUSG00000031311
Tem_only,Cetn2,ENSMUSG00000031347
Tem_only,Nsdhl,ENSMUSG00000031349
Tem_only,Hccs,ENSMUSG00000031352
Tem_only,Pir,ENSMUSG00000031379
Tem_only,Psmd10,ENSMUSG00000031429
Tem_only,Vps37a,ENSMUSG00000031600
Tem_only,Slc25a4,ENSMUSG00000031633
Tem_only,Ufsp2,ENSMUSG00000031634
Tem_only,Sh3rf1,ENSMUSG00000031642
Tem_only,Vps35,ENSMUSG00000031696
Tem_only,Itfg1,ENSMUSG00000031703
Tem_only,Smarca5,ENSMUSG00000031715
Tem_only,Cog4,ENSMUSG00000031753
Tem_only,Polr2c,ENSMUSG00000031783
Tem_only,Hsbp1,ENSMUSG00000031839
Tem_only,Ubash3b,ENSMUSG00000032020
Tem_only,Dixdc1,ENSMUSG00000032064
Tem_only,Trappc4,ENSMUSG00000032112
Tem_only,Mcam,ENSMUSG00000032135
Tem_only,Aqp9,ENSMUSG00000032204
Tem_only,Nedd4,ENSMUSG00000032216
Tem_only,Rnf111,ENSMUSG00000032217
Tem_only,Clk3,ENSMUSG00000032316
Tem_only,Cox7a2,ENSMUSG00000032330
Tem_only,Snx1,ENSMUSG00000032382
Tem_only,Rwdd2a,ENSMUSG00000032417
Tem_only,Nt5e,ENSMUSG00000032420
Tem_only,Faim,ENSMUSG00000032463
Tem_only,Pth1r,ENSMUSG00000032492
Tem_only,Wdr48,ENSMUSG00000032512
Tem_only,Usp4,ENSMUSG00000032612
Tem_only,Malt1,ENSMUSG00000032688
Tem_only,Slc10a3,ENSMUSG00000032806
Tem_only,Zswim6,ENSMUSG00000032846
Tem_only,Atg12,ENSMUSG00000032905
Tem_only,Hspa13,ENSMUSG00000032932
Tem_only,Eif3l,ENSMUSG00000033047
Tem_only,Npat,ENSMUSG00000033054
Tem_only,Trim69,ENSMUSG00000033368
Tem_only,Trappc8,ENSMUSG00000033382
Tem_only,Ctdspl2,ENSMUSG00000033411
Tem_only,Gucd1,ENSMUSG00000033416
Tem_only,Pik3c3,ENSMUSG00000033628
Tem_only,Vps8,ENSMUSG00000033653
Tem_only,Ddx19b,ENSMUSG00000033658
Tem_only,Atp6v1h,ENSMUSG00000033793
Tem_only,Tcea1,ENSMUSG00000033813
Tem_only,Zdhhc15,ENSMUSG00000033906
Tem_only,Brk1,ENSMUSG00000033940
Tem_only,Ppp3r1,ENSMUSG00000033953
Tem_only,Exoc3,ENSMUSG00000034152
Tem_only,Cipc,ENSMUSG00000034157
Tem_only,Nsf,ENSMUSG00000034187
Tem_only,Vwa9,ENSMUSG00000034263
Tem_only,Thoc5,ENSMUSG00000034274
Tem_only,Fam151b,ENSMUSG00000034334
Tem_only,Ube2f,ENSMUSG00000034343
Tem_only,Pkd1l2,ENSMUSG00000034416
Tem_only,Ccpg1,ENSMUSG00000034563
Tem_only,Zcchc11,ENSMUSG00000034610
Tem_only,Tiparp,ENSMUSG00000034640
Tem_only,Ppp1r21,ENSMUSG00000034709
Tem_only,Ttc21b,ENSMUSG00000034848
Tem_only,Fam214a,ENSMUSG00000034858
Tem_only,Myl12b,ENSMUSG00000034868
Tem_only,Elmod2,ENSMUSG00000035151
Tem_only,Oser1,ENSMUSG00000035399
Tem_only,Slc12a8,ENSMUSG00000035506
Tem_only,Dcaf10,ENSMUSG00000035572
Tem_only,Ndufa3,ENSMUSG00000035674
Tem_only,Ggta1,ENSMUSG00000035778
Tem_only,Lysmd3,ENSMUSG00000035840
Tem_only,3110052M02Rik,ENSMUSG00000035868
Tem_only,Uba6,ENSMUSG00000035898
Tem_only,Ap5m1,ENSMUSG00000036291
Tem_only,Tmem258,ENSMUSG00000036372
Tem_only,Commd2,ENSMUSG00000036513
Tem_only,Plxnb2,ENSMUSG00000036606
Tem_only,Psenen,ENSMUSG00000036835
Tem_only,Anapc10,ENSMUSG00000036977
Tem_only,Nxt1,ENSMUSG00000036992
Tem_only,Zscan21,ENSMUSG00000037017
Tem_only,Lsm1,ENSMUSG00000037296
Tem_only,Sf3b6,ENSMUSG00000037361
Tem_only,Arhgef4,ENSMUSG00000037509
Tem_only,Fbxo34,ENSMUSG00000037536
Tem_only,Pced1a,ENSMUSG00000037773
Tem_only,Rtkn2,ENSMUSG00000037846
Tem_only,Fbxo8,ENSMUSG00000038206
Tem_only,Trpm4,ENSMUSG00000038260
Tem_only,Fbxo25,ENSMUSG00000038365
Tem_only,Rras,ENSMUSG00000038387
Tem_only,Fam103a1,ENSMUSG00000038646
Tem_only,Mapkap1,ENSMUSG00000038696
Tem_only,Ost4,ENSMUSG00000038803
Tem_only,Hace1,ENSMUSG00000038822
Tem_only,Pigk,ENSMUSG00000039047
Tem_only,Osbpl2,ENSMUSG00000039050
Tem_only,Cdc123,ENSMUSG00000039128
Tem_only,BC017643,ENSMUSG00000039294
Tem_only,Wdr45,ENSMUSG00000039382
Tem_only,Fam149b,ENSMUSG00000039599
Tem_only,Ypel5,ENSMUSG00000039770
Tem_only,Polr2j,ENSMUSG00000039771
Tem_only,Trim14,ENSMUSG00000039853
Tem_only,Txlnb,ENSMUSG00000039891
Tem_only,Aqr,ENSMUSG00000040383
Tem_only,Wdr47,ENSMUSG00000040389
Tem_only,Pitpnc1,ENSMUSG00000040430
Tem_only,Dok4,ENSMUSG00000040631
Tem_only,Ppip5k2,ENSMUSG00000040648
Tem_only,Ints8,ENSMUSG00000040738
Tem_only,1700123O20Rik,ENSMUSG00000040822
Tem_only,Elmo1,ENSMUSG00000041112
Tem_only,Osgin2,ENSMUSG00000041153
Tem_only,Ublcp1,ENSMUSG00000041231
Tem_only,Vps41,ENSMUSG00000041236
Tem_only,Ttc1,ENSMUSG00000041278
Tem_only,Cdc42ep4,ENSMUSG00000041598
Tem_only,Btbd7,ENSMUSG00000041702
Tem_only,Gpr155,ENSMUSG00000041762
Tem_only,Cir1,ENSMUSG00000041777
Tem_only,Slc16a6,ENSMUSG00000041920
Tem_only,Mat2b,ENSMUSG00000042032
Tem_only,Csgalnact2,ENSMUSG00000042042
Tem_only,Vwa1,ENSMUSG00000042116
Tem_only,Pbrm1,ENSMUSG00000042323
Tem_only,Rbm7,ENSMUSG00000042396
Tem_only,Agps,ENSMUSG00000042410
Tem_only,Nek10,ENSMUSG00000042567
Tem_only,Nhlrc3,ENSMUSG00000042997
Tem_only,Edem3,ENSMUSG00000043019
Tem_only,Fam124b,ENSMUSG00000043230
Tem_only,Leng9,ENSMUSG00000043432
Tem_only,Adamtsl5,ENSMUSG00000043822
Tem_only,S100a1,ENSMUSG00000044080
Tem_only,A830080D01Rik,ENSMUSG00000044150
Tem_only,Marveld1,ENSMUSG00000044345
Tem_only,Gm13080,ENSMUSG00000044377
Tem_only,Smim7,ENSMUSG00000044600
Tem_only,4930503L19Rik,ENSMUSG00000044906
Tem_only,1110012L19Rik,ENSMUSG00000045237
Tem_only,Cox19,ENSMUSG00000045438
Tem_only,2810002D19Rik,ENSMUSG00000045464
Tem_only,Adrb2,ENSMUSG00000045730
Tem_only,Slc25a51,ENSMUSG00000045973
Tem_only,Polr2k,ENSMUSG00000045996
Tem_only,Snx12,ENSMUSG00000046032
Tem_only,Cd109,ENSMUSG00000046186
Tem_only,Atp10d,ENSMUSG00000046808
Tem_only,Mbtps2,ENSMUSG00000046873
Tem_only,Ptgs1,ENSMUSG00000047250
Tem_only,Abhd17b,ENSMUSG00000047368
Tem_only,Arl4a,ENSMUSG00000047446
Tem_only,2810006K23Rik,ENSMUSG00000047635
Tem_only,Fbxo30,ENSMUSG00000047648
Tem_only,Lonp2,ENSMUSG00000047866
Tem_only,Acap2,ENSMUSG00000049076
Tem_only,Ccdc71,ENSMUSG00000049305
Tem_only,Fam58b,ENSMUSG00000049489
Tem_only,Ccdc69,ENSMUSG00000049588
Tem_only,Fam109b,ENSMUSG00000049687
Tem_only,Suox,ENSMUSG00000049858
Tem_only,Nlrc3,ENSMUSG00000049871
Tem_only,1600012H06Rik,ENSMUSG00000050088
Tem_only,Lsm10,ENSMUSG00000050188
Tem_only,Snip1,ENSMUSG00000050213
Tem_only,Klre1,ENSMUSG00000050241
Tem_only,Ch25h,ENSMUSG00000050370
Tem_only,Gpatch11,ENSMUSG00000050668
Tem_only,Gimap9,ENSMUSG00000051124
Tem_only,Bzw1,ENSMUSG00000051223
Tem_only,Plekhm3,ENSMUSG00000051344
Tem_only,E230016K23Rik,ENSMUSG00000051832
Tem_only,Mest,ENSMUSG00000051855
Tem_only,Ppp4r2,ENSMUSG00000052144
Tem_only,1700030K09Rik,ENSMUSG00000052794
Tem_only,Uba2,ENSMUSG00000052997
Tem_only,Gm6180,ENSMUSG00000053038
Tem_only,Cd8b1,ENSMUSG00000053044
Tem_only,Nrd1,ENSMUSG00000053510
Tem_only,Zfand2a,ENSMUSG00000053581
Tem_only,Exoc6,ENSMUSG00000053799
Tem_only,Tprkb,ENSMUSG00000054226
Tem_only,Dnajc8,ENSMUSG00000054405
Tem_only,Gm9949,ENSMUSG00000054589
Tem_only,Lrrc8c,ENSMUSG00000054720
Tem_only,Ep300,ENSMUSG00000055024
Tem_only,Stam2,ENSMUSG00000055371
Tem_only,Zzef1,ENSMUSG00000055670
Tem_only,Cope,ENSMUSG00000055681
Tem_only,Rnf181,ENSMUSG00000055850
Tem_only,Zfp277,ENSMUSG00000055917
Tem_only,Emc7,ENSMUSG00000055943
Tem_only,Npm3,ENSMUSG00000056209
Tem_only,Tug1,ENSMUSG00000056579
Tem_only,Fry,ENSMUSG00000056602
Tem_only,Pcbp2,ENSMUSG00000056851
Tem_only,Commd7,ENSMUSG00000056941
Tem_only,Homez,ENSMUSG00000057156
Tem_only,Arl16,ENSMUSG00000057594
Tem_only,Tmod3,ENSMUSG00000058587
Tem_only,Fbxo18,ENSMUSG00000058594
Tem_only,Rad51b,ENSMUSG00000059060
Tem_only,Tonsl,ENSMUSG00000059323
Tem_only,Arhgef12,ENSMUSG00000059495
Tem_only,Uqcr10,ENSMUSG00000059534
Tem_only,Taf1b,ENSMUSG00000059669
Tem_only,Tnip2,ENSMUSG00000059866
Tem_only,Trim5,ENSMUSG00000060441
Tem_only,Rnf14,ENSMUSG00000060450
Tem_only,Gm10080,ENSMUSG00000060467
Tem_only,Slc9a6,ENSMUSG00000060681
Tem_only,Tsga10,ENSMUSG00000060771
Tem_only,B2m,ENSMUSG00000060802
Tem_only,Fam195b,ENSMUSG00000061111
Tem_only,Prcp,ENSMUSG00000061119
Tem_only,Nol4l,ENSMUSG00000061411
Tem_only,Smim20,ENSMUSG00000061461
Tem_only,Mrps36,ENSMUSG00000061474
Tem_only,Akr1b10,ENSMUSG00000061758
Tem_only,Gm14292,ENSMUSG00000061897
Tem_only,Zfp954,ENSMUSG00000062116
Tem_only,Cebpzos,ENSMUSG00000062691
Tem_only,Zfp677,ENSMUSG00000062743
Tem_only,Numbl,ENSMUSG00000063160
Tem_only,Rnf183,ENSMUSG00000063851
Tem_only,Pepd,ENSMUSG00000063931
Tem_only,Brpf3,ENSMUSG00000063952
Tem_only,Med14,ENSMUSG00000064127
Tem_only,Arih2,ENSMUSG00000064145
Tem_only,Gimap8,ENSMUSG00000064262
Tem_only,mt-Rnr1,ENSMUSG00000064337
Tem_only,mt-Rnr2,ENSMUSG00000064339
Tem_only,Rdh11,ENSMUSG00000066441
Tem_only,Lsm14a,ENSMUSG00000066568
Tem_only,Rnasel,ENSMUSG00000066800
Tem_only,Ecsit,ENSMUSG00000066839
Tem_only,Klra3,ENSMUSG00000067591
Tem_only,Pi15,ENSMUSG00000067780
Tem_only,Arfgef1,ENSMUSG00000067851
Tem_only,Zfp948,ENSMUSG00000067931
Tem_only,Gtf2f2,ENSMUSG00000067995
Tem_only,Psma5,ENSMUSG00000068749
Tem_only,Csde1,ENSMUSG00000068823
Tem_only,Hist1h2bq,ENSMUSG00000069307
Tem_only,Arid1b,ENSMUSG00000069729
Tem_only,9930111J21Rik1,ENSMUSG00000069893
Tem_only,Smim15,ENSMUSG00000071180
Tem_only,Tbpl1,ENSMUSG00000071359
Tem_only,Tuba1a,ENSMUSG00000072235
Tem_only,Srp54a,ENSMUSG00000073079
Tem_only,Rsph3a,ENSMUSG00000073471
Tem_only,Lmbrd1,ENSMUSG00000073725
Tem_only,Alg6,ENSMUSG00000073792
Tem_only,Pdzd8,ENSMUSG00000074746
Tem_only,Serf2,ENSMUSG00000074884
Tem_only,Ptar1,ENSMUSG00000074925
Tem_only,Nrbf2,ENSMUSG00000075000
Tem_only,Commd6,ENSMUSG00000075486
Tem_only,Vimp,ENSMUSG00000075701
Tem_only,Trav21-dv12,ENSMUSG00000076863
Tem_only,Trdv1,ENSMUSG00000076864
Tem_only,Trdv5,ENSMUSG00000076873
Tem_only,Trac,ENSMUSG00000076928
Tem_only,Gm13157,ENSMUSG00000078495
Tem_only,Ube2d3,ENSMUSG00000078578
Tem_only,5830417I10Rik,ENSMUSG00000078684
Tem_only,Gm4724,ENSMUSG00000078897
Tem_only,Fam186b,ENSMUSG00000078907
Tem_only,Trappc2,ENSMUSG00000079317
Tem_only,Atg4a,ENSMUSG00000079418
Tem_only,Ms4a6c,ENSMUSG00000079419
Tem_only,Tceb1,ENSMUSG00000079658
Tem_only,Gm12168,ENSMUSG00000082530
Tem_only,AA414768,ENSMUSG00000083307
Tem_only,Gm2986,ENSMUSG00000083700
Tem_only,Gm12856,ENSMUSG00000084133
Tem_only,Bbip1,ENSMUSG00000084957
Tem_only,1700020I14Rik,ENSMUSG00000085438
Tem_only,Gm12796,ENSMUSG00000085721
Tem_only,2210417A02Rik,ENSMUSG00000086494
Tem_only,Mypopos,ENSMUSG00000086533
Tem_only,Gm13835,ENSMUSG00000086922
Tem_only,Bcl2l2,ENSMUSG00000089682
Tem_only,Tmsb15b1,ENSMUSG00000089768
Tem_only,Hiat1,ENSMUSG00000089911
Tem_only,Gm10177,ENSMUSG00000090136
Tem_only,Bloc1s1,ENSMUSG00000090247
Tem_only,Gypc,ENSMUSG00000090523
Tem_only,Gm6904,ENSMUSG00000090881
Tem_only,Lamtor3,ENSMUSG00000091512
Tem_only,Dyx1c1,ENSMUSG00000092192
Tem_only,Evi2b,ENSMUSG00000093938
Tem_only,Purb,ENSMUSG00000094483
Tem_only,Dynlt1f,ENSMUSG00000095677
Tem_only,2610528A11Rik,ENSMUSG00000096001
Tem_only,Cdkn2d,ENSMUSG00000096472
Tem_only,Trav15d-1-dv6d-1,ENSMUSG00000096653
Tem_only,A130057D12Rik,ENSMUSG00000097298
Tem_only,4930558J18Rik,ENSMUSG00000097519
Tem_only,2010110K18Rik,ENSMUSG00000097755
Tem_only,Gm16794,ENSMUSG00000097777
Tem_only,Gm26912,ENSMUSG00000097832
Tem_only,Gm28048,ENSMUSG00000098650
Tem_only,1500004A13Rik,ENSMUSG00000098912
Tem_only,Gm5601,ENSMUSG00000100153
Tem_only,2610306M01Rik,ENSMUSG00000100164
Tem_only,Gm17971,ENSMUSG00000101122
Tem_only,Gm10193,ENSMUSG00000101330
Tem_only,Gm8203,ENSMUSG00000101878
Tem_only,Gm37780,ENSMUSG00000102691
Tem_only,Gm8242,ENSMUSG00000102827
Tem_only,Gm37123,ENSMUSG00000103039
Tem_only,9330133O14Rik,ENSMUSG00000103515
Tem_only,U3,ENSMUSG00000105025
Tem_only,RP23-425I8.2,ENSMUSG00000105950
Tem_only,RP23-280E8.2,ENSMUSG00000105993
Tem_only,RP23-451E8.2,ENSMUSG00000106133
Tem_only,RP24-164P24.2,ENSMUSG00000106596
Tem_only,Mpv17,ENSMUSG00000107283
Tpm_only,Tgfb1,ENSMUSG00000002603
Tpm_only,Alkbh7,ENSMUSG00000002661
Tpm_only,Nosip,ENSMUSG00000003421
Tpm_only,Snrnp200,ENSMUSG00000003660
Tpm_only,Ppfia3,ENSMUSG00000003863
Tpm_only,Apba3,ENSMUSG00000004931
Tpm_only,Psmb4,ENSMUSG00000005779
Tpm_only,1700037C18Rik,ENSMUSG00000005983
Tpm_only,Rundc3a,ENSMUSG00000006575
Tpm_only,Hdac5,ENSMUSG00000008855
Tpm_only,Nelfb,ENSMUSG00000013465
Tpm_only,Hist1h2bc,ENSMUSG00000018102
Tpm_only,Tmem160,ENSMUSG00000019158
Tpm_only,Chtf18,ENSMUSG00000019214
Tpm_only,Ppp1r12c,ENSMUSG00000019254
Tpm_only,Mydgf,ENSMUSG00000019579
Tpm_only,Tpgs1,ENSMUSG00000020308
Tpm_only,Rtn4,ENSMUSG00000020458
Tpm_only,Mrps24,ENSMUSG00000020477
Tpm_only,Llgl1,ENSMUSG00000020536
Tpm_only,Efr3b,ENSMUSG00000020658
Tpm_only,2210016F16Rik,ENSMUSG00000021550
Tpm_only,Nln,ENSMUSG00000021710
Tpm_only,Mrpl57,ENSMUSG00000021967
Tpm_only,Dhrs4,ENSMUSG00000022210
Tpm_only,Nubp1,ENSMUSG00000022503
Tpm_only,Nudt16l1,ENSMUSG00000022516
Tpm_only,Scrib,ENSMUSG00000022568
Tpm_only,Cpox,ENSMUSG00000022742
Tpm_only,Wash1,ENSMUSG00000024101
Tpm_only,Kifc5b,ENSMUSG00000024301
Tpm_only,Slc39a7,ENSMUSG00000024327
Tpm_only,Pou5f1,ENSMUSG00000024406
Tpm_only,Npc1,ENSMUSG00000024413
Tpm_only,Vps51,ENSMUSG00000024797
Tpm_only,Sirt7,ENSMUSG00000025138
Tpm_only,Entpd7,ENSMUSG00000025192
Tpm_only,Apex2,ENSMUSG00000025269
Tpm_only,Clec3b,ENSMUSG00000025784
Tpm_only,Ssna1,ENSMUSG00000026966
Tpm_only,Map1lc3a,ENSMUSG00000027602
Tpm_only,Exosc3,ENSMUSG00000028322
Tpm_only,Anp32b,ENSMUSG00000028333
Tpm_only,Clta,ENSMUSG00000028478
Tpm_only,Toe1,ENSMUSG00000028688
Tpm_only,Rcc1,ENSMUSG00000028896
Tpm_only,Srsf4,ENSMUSG00000028911
Tpm_only,Dr1,ENSMUSG00000029265
Tpm_only,Dtx1,ENSMUSG00000029603
Tpm_only,Sipa1l3,ENSMUSG00000030583
Tpm_only,Fbxl19,ENSMUSG00000030811
Tpm_only,Hmgn5,ENSMUSG00000031245
Tpm_only,Jak3,ENSMUSG00000031805
Tpm_only,Babam1,ENSMUSG00000031820
Tpm_only,Klhl36,ENSMUSG00000031828
Tpm_only,Mast3,ENSMUSG00000031833
Tpm_only,Lsm4,ENSMUSG00000031848
Tpm_only,Comp,ENSMUSG00000031849
Tpm_only,Pla2g15,ENSMUSG00000031903
Tpm_only,Sprtn,ENSMUSG00000031986
Tpm_only,Kif23,ENSMUSG00000032254
Tpm_only,Myd88,ENSMUSG00000032508
Tpm_only,Manf,ENSMUSG00000032575
Tpm_only,Abcc4,ENSMUSG00000032849
Tpm_only,Crlf2,ENSMUSG00000033467
Tpm_only,Acbd6,ENSMUSG00000033701
Tpm_only,Vps18,ENSMUSG00000034216
Tpm_only,Agpat1,ENSMUSG00000034254
Tpm_only,Exosc4,ENSMUSG00000034259
Tpm_only,Gm9761,ENSMUSG00000034437
Tpm_only,Zbtb7a,ENSMUSG00000035011
Tpm_only,Plekhj1,ENSMUSG00000035278
Tpm_only,Cox8a,ENSMUSG00000035885
Tpm_only,Tbcc,ENSMUSG00000036430
Tpm_only,Thap11,ENSMUSG00000036442
Tpm_only,Sbf1,ENSMUSG00000036529
Tpm_only,Lin37,ENSMUSG00000036845
Tpm_only,Slc12a9,ENSMUSG00000037344
Tpm_only,Ahdc1,ENSMUSG00000037692
Tpm_only,Ankrd9,ENSMUSG00000037904
Tpm_only,Hoxb4,ENSMUSG00000038692
Tpm_only,Fanci,ENSMUSG00000039187
Tpm_only,Gpatch2,ENSMUSG00000039210
Tpm_only,Cep104,ENSMUSG00000039523
Tpm_only,Trim41,ENSMUSG00000040365
Tpm_only,Cox6a1,ENSMUSG00000041697
Tpm_only,Mkl1,ENSMUSG00000042292
Tpm_only,Nfkbil1,ENSMUSG00000042419
Tpm_only,Loh12cr1,ENSMUSG00000042992
Tpm_only,Hic1,ENSMUSG00000043099
Tpm_only,Uqcrq,ENSMUSG00000044894
Tpm_only,2310047M10Rik,ENSMUSG00000045176
Tpm_only,Ptprcap,ENSMUSG00000045826
Tpm_only,Eif4g1,ENSMUSG00000045983
Tpm_only,Ankle1,ENSMUSG00000046295
Tpm_only,Lrrc4b,ENSMUSG00000047085
Tpm_only,Rexo1,ENSMUSG00000047417
Tpm_only,Trpt1,ENSMUSG00000047656
Tpm_only,Ppp1r2,ENSMUSG00000047714
Tpm_only,Gm8181,ENSMUSG00000048188
Tpm_only,Tprn,ENSMUSG00000048707
Tpm_only,Hexim1,ENSMUSG00000048878
Tpm_only,Zbtb45,ENSMUSG00000049600
Tpm_only,Gm9840,ENSMUSG00000049832
Tpm_only,H2afx,ENSMUSG00000049932
Tpm_only,Eva1b,ENSMUSG00000050212
Tpm_only,B230217C12Rik,ENSMUSG00000050538
Tpm_only,Ubald2,ENSMUSG00000050628
Tpm_only,Pcbp1,ENSMUSG00000051695
Tpm_only,Zfp622,ENSMUSG00000052253
Tpm_only,Gpr25,ENSMUSG00000052759
Tpm_only,Atad2b,ENSMUSG00000052812
Tpm_only,Styx,ENSMUSG00000053205
Tpm_only,Rab4b,ENSMUSG00000053291
Tpm_only,Sec61b,ENSMUSG00000053317
Tpm_only,Commd5,ENSMUSG00000055041
Tpm_only,Cgrrf1,ENSMUSG00000055128
Tpm_only,Ier5,ENSMUSG00000056708
Tpm_only,Capn11,ENSMUSG00000058626
Tpm_only,Zc3h4,ENSMUSG00000059273
Tpm_only,Gm20563,ENSMUSG00000059511
Tpm_only,Hist1h4i,ENSMUSG00000060639
Tpm_only,Dnajc30,ENSMUSG00000061118
Tpm_only,Hist1h2bk,ENSMUSG00000062727
Tpm_only,l7Rn6,ENSMUSG00000062797
Tpm_only,Hist1h2bh,ENSMUSG00000064168
Tpm_only,Gm22973,ENSMUSG00000065232
Tpm_only,Dhrs3,ENSMUSG00000066026
Tpm_only,Zfyve26,ENSMUSG00000066440
Tpm_only,Fbxl18,ENSMUSG00000066640
Tpm_only,Gm14648,ENSMUSG00000068014
Tpm_only,Hist1h3c,ENSMUSG00000069310
Tpm_only,Mesdc1,ENSMUSG00000070462
Tpm_only,Chchd2,ENSMUSG00000070493
Tpm_only,2410004P03Rik,ENSMUSG00000071398
Tpm_only,Hnrnpul2,ENSMUSG00000071659
Tpm_only,Gm10676,ENSMUSG00000074355
Tpm_only,Gm5380,ENSMUSG00000081255
Tpm_only,Gm13509,ENSMUSG00000081272
Tpm_only,3010003L21Rik,ENSMUSG00000085355
Tpm_only,Gm7846,ENSMUSG00000086240
Tpm_only,Gm12596,ENSMUSG00000086952
Tpm_only,Gm11714,ENSMUSG00000087113
Tpm_only,Gm15892,ENSMUSG00000087373
Tpm_only,2810001G20Rik,ENSMUSG00000087497
Tpm_only,Flt3l,ENSMUSG00000089989
Tpm_only,Gm6395,ENSMUSG00000091905
Tpm_only,Gm20708,ENSMUSG00000093485
Tpm_only,Hist1h2ap,ENSMUSG00000094777
Tpm_only,Gm26546,ENSMUSG00000096945
Tpm_only,B230208H11Rik,ENSMUSG00000097378
Tpm_only,A330009N23Rik,ENSMUSG00000097915
Tpm_only,Rnf113a2,ENSMUSG00000098134
Tpm_only,Hist1h3i,ENSMUSG00000101972
Tpm_only,Gm37718,ENSMUSG00000102243
Tpm_only,Gm38319,ENSMUSG00000102982
Tpm_only,Gm4430,ENSMUSG00000103009
Tpm_only,RP24-503L4.4,ENSMUSG00000106251
